date,mobil2_pm10,abyvallen_winddir,mobil_2_lat,risholmen_globrad,femman_lat,mobil_3_lat,mobil2_no2,risholmen_airpressure,lejonet_temp,risholmen_temp,lejonet_rh,risholmen_rh,mobil_1_long,abyvallen_airpressure,mobil3_pm10,haga_sodra_lat,mobil_1_lat,abyvallen_rh,abyvallen_lat,abyvallen_rain,femman_rain,lejonet_windspeed,femman_o3,mobil3_no2,haga_sodra_long,femman_winddir,hagasodra_pm25,haganorra_no2,abyvallen_temp,risholmen_long,mobil_1_pm10_fid,index,risholmen_windspeed,femman_pm25,mobil_2_long,mobil_1_pm25_fid,abyvallen_long,femman_long,femman_no2,mobil1_nox,lejonet_winddir,femman_airpressure,abyvallen_windspeed,haga_norra_lat,haga_norra_long,mobil2_nox,hagasodra_pm10,lejonet_rain,risholmen_rain,femman_nox,femman_windspeed,mobil3_nox,femman_pm10,femman_temp,haganorra_nox,lejonet_globrad,risholmen_lat,femman_rh,lejonet_airpressure,lejonet_long,abyvallen_globrad,risholmen_winddir,mobil2_pm25,time,mobil_3_long,lejonet_lat,femman_globrad,mobil1_no2,mobil1_pm10,submited by,femman_lat2
2024/02/09,4.46362,64.5699,57.7253,124.4,57.7088,57.7084,18.228,1002.85,-3.122,-3.132,86.9,77.4301,11.9568,1002.35,            ,57.698,57.6938,83.9,57.6447,0.0,0.0,2.91,42.4155,            ,11.9605,65.59,3.1034,     15.8428,-3.314,11.7975,4.29401,1,6.368,4.08389,11.9453,3.42591,12.0021,11.9705,15.3629,     18.3156,59.34,1000.2,4.084,57.6992,11.9607,30.3067,4.04124,0,0.0,21.4844,4.212,            ,5.49443,-3.089,     22.2376,127.3,57.6923,75.91,1003,11.9923,138.9,77.5,3.43847,11:00+01:00,11.9756,57.7157,128.4,     15.6094,4.66655,Robert Johansson,57.7088
2024/02/09,3.57322,61.47,57.7253,146.3,57.7088,57.7084,15.6499,1002.71,-2.877,-3.053,80.8,74.83,11.9568,1001.89,            ,57.698,57.6938,81.4,57.6447,0.0,0.0,3.159,58.9758,            ,11.9605,62.7,2.5138,     11.1228,-3.221,11.7975,4.8847,1,6.953,3.11372,11.9453,2.987,12.0021,11.9705,8.39615,     17.8937,55.93,999.747,4.361,57.6992,11.9607,27.9189,3.36392,0,0.0,10.6592,4.36,            ,3.8423,-2.896,      14.998,128.2,57.6923,70.46,1002,11.9923,137.7,91.2,2.59998,12:00+01:00,11.9756,57.7157,128.0,     14.9657,0.03255,Felicia Toll,57.7088
2024/02/09,4.22202,58.98,57.7253,140.7,57.7088,57.7084,23.1686,1002.05,-2.589,-2.815,78.72,71.59,11.9568,1001.17,            ,57.698,57.6938,78.29,57.6447,0.0,0.0,3.369,67.3923,            ,11.9605,61.08,1.7449,     7.83926,-2.814,11.7975,3.47177,1,5.55,2.96517,11.9453,2.0568,12.0021,11.9705,8.46121,     13.4026,49.53,999.175,4.23,57.6992,11.9607,40.4583,3.39857,0,0.0,12.0107,4.461,            ,3.75045,-2.558,     11.3296,129.5,57.6923,67.74,1002,11.9923,128.6,75.01,2.22777,13:00+01:00,11.9756,57.7157,125.6,     12.5111,1.02542,Jenny Hassan,57.7088
2024/02/09,3.25991,60.55,57.7253,117.2,57.7088,57.7084,15.7977,1001.32,-2.221Â°C,-2.569,74.48,68.5601,11.9568,1000.48,            ,57.698,57.6938,76.49,57.6447,0.0,0.0,3.871,65.3317,            ,11.9605,58.77,1.48598,     7.99914,-2.434,11.7975,3.52865,1,6.41,2.69412,11.9453,1.87592,12.0021,11.9705,10.035,     14.6938,45.79,998.377,4.465,57.6992,11.9607,29.0882,2.79198,0,0.0,14.1838,5.245,            ,3.89417,-2.205,      10.476,104.5,57.6923,64.88,1001,11.9923,100.5,66.3199,1.84818,14:00+01:00,11.9756,57.7157,104.8,     13.1867,2.62494,Adam Smith,57.7088
2024/02/09,2.8033,58.82,57.7253,66.23,57.7088,57.7084,13.3858,1000.81,-2.175,-2.248,75.6901,68.53,11.9568,1000.46,            ,57.698,57.6938,79.67,57.6447,0.0,0.0,4.037,72.2712,            ,11.9605,64.92,1.3485,     8.90384,-2.451,11.7975,2.87038,1,6.85,2.33437,11.9453,1.67015,12.0021,11.9705,7.44461,     9.92361,48.58,998.305,4.783,57.6992,11.9607,22.1628,2.71295,0,0.0,9.14622,5.654,            ,4.37598,-2.098,     12.2164,58.77,57.6923,66.63,1001,11.9923,61.45,69.17,1.43018,15:00+01:00,11.9756,57.7157,56.92,     9.43535,0.452283,Jenny Hassan,57.7088
2024/02/09,2.69489,55.3,57.7253,24.49,57.7088,57.7084,15.3746,1000.8,-2.439,-2.273,79.7,71.01,11.9568,1000.39,            ,57.698,57.6938,82.5,57.6447,0.0,0.0,4.402,71.5848,            ,11.9605,60.97,1.35385,     9.11681,-2.738,11.7975,3.55038,1,6.851,2.49373,11.9453,1.78668,12.0021,11.9705,8.80168,      10.379,43.52,998.241,4.326,57.6992,11.9607,25.9135,2.27048,0,0.0,10.0857,5.866,            ,4.80925,-2.302,     11.9729,10.71,57.6923,69.97,1001,11.9923,10.74,68.7,1.4046,16:00+01:00,11.9756,57.7157,10.74,     9.74226,3.41457,Robert Johansson,57.7088
2024/02/09,3.27548,50.98,57.7253,0.098,57.7088,57.7084,13.9538,1000.35,-2.584,-2.433,81.4,73.78,11.9568,1000.12,            ,57.698,57.6938,83.7,57.6447,0.0,0.0,4.272,68.979,            ,11.9605,53.29,1.66095,     9.12984,-2.941,11.7975,3.25481,1,8.35001,2.99738,11.9453,2.02612,12.0021,11.9705,9.71207,     10.8663,43.8,997.967,4.574,57.6992,11.9607,22.331,2.6226,0,0.0,11.2033,6.06,            ,4.85516,-2.526,     10.8284,0.0,57.6923,71.3101,1000,11.9923,0.332,66.4,1.63912,17:00+01:00,11.9756,57.7157,0.0,      10.227,4.1052,Robert Johansson,57.7088
2024/02/09,3.11258,55.97,57.7253,0.0,57.7088,57.7084,11.4696,1000.26,-3.012,-2.563,80.9,73.04,11.9568,1000.34,            ,57.698,57.6938,84.1,57.6447,0.0,0.0,4.679,68.8662,            ,11.9605,61.39,2.12592,     9.34468,-3.176,11.7975,4.1137,1,8.93001,2.35658,11.9453,2.53658,12.0021,11.9705,8.80396,     8.37402,54.86,998.226,5.114,57.6992,11.9607,18.9839,3.41332,0,0.0,9.67467,5.925,            ,3.4859,-2.931,     11.0208,0.0,57.6923,71.39,1001,11.9923,0.332,69.88,1.83505,18:00+01:00,11.9756,57.7157,0.0,      8.0356,0.785267,Jenny Hassan,57.7088
2024/02/09,2.63167,57.24,57.7253,0.0,57.7088,57.7084,9.95921,1000.32,-3.171,-2.963,82.7,74.77,11.9568,1000.15,            ,57.698,57.6938,84.9,57.6447,0.0,0.0,3.848,72.5964,            ,11.9605,61.74,2.1182,     6.87592,-3.24,11.7975,4.25603,1,9.25,3.45905,11.9453,2.72025,12.0021,11.9705,5.97771,     8.46854,52.84,998.029,4.487,57.6992,11.9607,16.0016,2.99935,0,0.0,5.85278,5.603,            ,4.74913,-3.042,     7.89614,0.0,57.6923,72.92,1000,11.9923,0.332,69.37,1.83243,19:00+01:00,11.9756,57.7157,0.0,     8.65347,3.49443,Felicia Toll,57.7088
2024/02/09,2.37212,56.94,57.7253,0.0,57.7088,57.7084,6.02495,1000.2,-3.12,-2.962,84.0,76.0601,11.9568,999.915,            ,57.698,57.6938,84.0,57.6447,0.0,0.0,4.101,72.8202,            ,11.9605,49.8,2.31603,      5.7473,-2.88,11.7975,4.61913,1,8.75999,3.01135,11.9453,3.54943,12.0021,11.9705,4.95396,     7.95029,35.17,997.793,4.543,57.6992,11.9607,8.64162,3.1276,0,0.0,4.74767,5.275,            ,4.3025,-3.004,     6.83333,0.0,57.6923,74.52,1000,11.9923,0.332,68.08,1.81213,20:00+01:00,11.9756,57.7157,0.0,     8.52583,3.57047,Felicia Toll,57.7088
2024/02/09,2.60753,55.92,57.7253,0.0,57.7088,57.7084,6.4337,1000.11,-3.275,-2.922,84.6,76.67,11.9568,1000.2,            ,57.698,57.6938,83.2,57.6447,0.0,0.0,3.871,70.5873,            ,11.9605,47.61,2.37838,     5.79359,-2.614,11.7975,4.6153,1,8.28999,2.6101,11.9453,3.77587,12.0021,11.9705,5.50107,     5.64223,37.0,998.062,4.578,57.6992,11.9607,9.13876,3.09197,0,0.0,5.14828,4.374,            ,3.75383,-3.15,     6.72205,0.0,57.6923,75.14,1000,11.9923,0.166,69.24,2.07412,21:00+01:00,11.9756,57.7157,0.0,     6.77338,3.71817,Adam Smith,57.7088
2024/02/09,2.96267,61.04,57.7253,0.0,57.7088,57.7084,6.32238,1000.42,-2.938,-3.018,84.7,77.24,11.9568,1000.24,            ,57.698,57.6938,82.5,57.6447,0.0,0.0,4.279,68.8965,            ,11.9605,55.57,2.82,     6.79956,-2.491,11.7975,4.18778,1,7.231,2.70778,11.9453,3.36867,12.0021,11.9705,5.07417,     5.54597,43.37,998.075,5.168,57.6992,11.9607,8.11801,3.55612,0,0.0,4.57252,5.576,            ,3.60854,-2.915,      7.5587,0.0,57.6923,74.34,1001,11.9923,0.016,66.75,2.2835,22:00+01:00,11.9756,57.7157,0.0,     6.69805,3.47485,Robert Johansson,57.7088
2024/02/09,2.87188,58.73,57.7253,0.0,57.7088,57.7084,5.33052,1000.62,-2.539,-2.418,82.0,74.04,11.9568,1000.25,            ,57.698,57.6938,80.6,57.6447,0.0,0.0,4.122,69.4886,            ,11.9605,61.11,2.814,     6.42302,-2.446,11.7975,4.20905,1,7.978,2.65643,11.9453,3.09998,12.0021,11.9705,4.18958,     3.83267,47.2,998.157,5.789,57.6992,11.9607,6.88598,3.34988,0,0.0,3.52087,5.429,            ,3.39567,-2.495,     7.26947,0.0,57.6923,70.75,1001,11.9923,0.0,67.92,2.26582,23:00+01:00,11.9756,57.7157,0.0,     5.73969,3.54485,Jenny Hassan,57.7088
2024/02/09,2.9815,55.79,57.7253,0.0,57.7088,57.7084,3.35842,1000.59,-2.616,-2.442,80.3,73.1901,11.9568,1000.23,            ,57.698,57.6938,81.8,57.6447,0.0,0.0,4.998,73.8177,            ,11.9605,60.49,2.31898,     4.19204,-2.622,11.7975,3.13618,1,8.91,2.77425,11.9453,2.55053,12.0021,11.9705,2.77358,     3.57565,51.24,998.175,5.889,57.6992,11.9607,3.68238,2.8069,0,0.0,1.96673,6.907,            ,3.24078,-2.626,     4.66376,0.0,57.6923,70.55,1001,11.9923,0.0,72.34,2.22695,24:00+01:00,11.9756,57.7157,0.0,     4.80588,0.364167,Adam Smith,57.7088
2024/02/10,3.86473,53.26,57.7253,0.0,57.7088,57.7084,3.12934,1000.2,-2.769,-2.695,83.2,76.3,11.9568,1000.01,            ,57.698,57.6938,86.1,57.6447,0.0,0.0,5.667,76.085,            ,11.9605,56.97,2.2814,     2.97179,-2.935,11.7975,3.29967,1,8.41,2.57947,11.9453,2.49249,12.0021,11.9705,1.72775,     2.06291,47.03,997.88,6.087,57.6992,11.9607,4.10491,2.79206,0,0.0,1.07211,6.321,            ,3.582,-2.799,     3.47934,0.0,57.6923,73.63,1000,11.9923,0.0,69.0,2.33232,01:00+01:00,11.9756,57.7157,0.0,     4.01465,-0.535434,Jenny Hassan,57.7088
2024/02/10,3.52335,51.49,57.7253,0.0,57.7088,57.7084,1.84143,1000.27,-3.016,-2.805,86.1,77.53,11.9568,1000.09,            ,57.698,57.6938,87.9,57.6447,0.0,0.0,5.639,77.833,            ,11.9605,52.88,2.41675,     2.60316,-3.177,11.7975,3.6665,1,8.97,2.3957,11.9453,2.6126,12.0021,11.9705,1.61672,     1.84009,44.48,998.002,5.576,57.6992,11.9607,1.79028,3.5129,0,0.0,1.07957,6.73,            ,3.44484,-3.051,     2.81917,0.0,57.6923,77.5,1000,11.9923,0.0,68.4401,2.33422,02:00+01:00,11.9756,57.7157,0.0,     3.55773,4.72708,Jenny Hassan,57.7088
2024/02/10,3.96383,53.19,57.7253,0.0,57.7088,57.7084,1.89319,1000.21,-3.032,-2.987,89.2,81.2,11.9568,1000.02,            ,57.698,57.6938,90.0,57.6447,0.0,0.0,5.404,77.4703,            ,11.9605,53.13,2.51747,      2.1807,-3.169,11.7975,3.78567,1,8.82001,2.51335,11.9453,2.73355,12.0021,11.9705,1.55078,     1.48384,40.72,997.922,5.891,57.6992,11.9607,1.58504,3.87835,0,0.0,0.745877,6.38,            ,3.44607,-3.124,     2.35247,0.0,57.6923,80.1,1000,11.9923,0.0,67.96,2.40434,03:00+01:00,11.9756,57.7157,0.0,     3.65813,7.41485,Adam Smith,57.7088
2024/02/10,3.44148,51.69,57.7253,0.0,57.7088,57.7084,1.66345,1000.15,-2.995,-3.013,90.4,82.0,11.9568,999.655,            ,57.698,57.6938,92.4,57.6447,0.0,0.0,6.076,75.62,            ,11.9605,50.09,2.59702,     2.02024,-3.189,11.7975,3.49952,1,8.03,2.77532,11.9453,2.88877,12.0021,11.9705,1.61814,     1.61355,39.97,997.577,5.618,57.6992,11.9607,1.46657,3.66319,0,0.0,0.868251,6.297,            ,3.89358,-3.044,     2.14426,0.0,57.6923,80.0,1000,11.9923,0.0,67.29,2.52005,04:00+01:00,11.9756,57.7157,0.0,      3.1802,6.38322,Refik Bogovic,57.7088
2024/02/10,3.5744,51.65,57.7253,0.0,57.7088,57.7084,1.9426,999.855,-2.83,-2.89,89.0,81.5,11.9568,999.501,            ,57.698,57.6938,89.2,57.6447,0.0,0.0,5.418,75.1874,            ,11.9605,50.12,2.54187,     1.59169,-2.961,11.7975,3.99107,1,7.451,2.89237,11.9453,2.98697,12.0021,11.9705,1.30978,    0.373342,39.29,997.398,5.481,57.6992,11.9607,1.40245,3.07272,0,0.0,0.420865,7.154,            ,3.44877,-2.867,     1.62293,0.0,57.6923,78.7,1000,11.9923,0.0,66.11,2.70435,05:00+01:00,11.9756,57.7157,0.0,     2.22467,2.87315,Adam Smith,57.7088
2024/02/10,3.54465,51.11,57.7253,0.0,57.7088,57.7084,2.70012,999.784,-2.821,-2.688,89.2,80.3,11.9568,999.599,            ,57.698,57.6938,89.7,57.6447,0.0,0.0,4.884,74.0775,            ,11.9605,46.02,2.503,     1.65398,-2.879,11.7975,3.28632,1,8.12,2.86522,11.9453,2.84118,12.0021,11.9705,2.12973, -0.00496989,39.81,997.513,5.476,57.6992,11.9607,3.34873,3.49875,0,0.0,1.41889,6.486,            ,3.58253,-2.868,     1.76138,0.0,57.6923,79.34,1000,11.9923,0.0,62.7,2.65798,06:00+01:00,11.9756,57.7157,0.0,     2.27248,3.02934,Jenny Hassan,57.7088
2024/02/10,3.12883,51.02,57.7253,0.305,57.7088,57.7084,2.77951,1000.3,-2.879,-2.82,89.1,81.8,11.9568,1000.04,            ,57.698,57.6938,89.8,57.6447,0.0,0.0,5.137,73.0447,            ,11.9605,50.65,2.39745,     2.03417,-2.859,11.7975,3.47722,1,7.213,2.72083,11.9453,2.70938,12.0021,11.9705,2.79707,    0.403756,40.59,997.93,5.637,57.6992,11.9607,2.82448,3.08953,0,0.0,2.14578,5.958,            ,3.38427,-2.961,     2.19926,0.298,57.6923,79.52,1000,11.9923,0.526,61.45,2.53998,07:00+01:00,11.9756,57.7157,0.211,     2.78944,1.08173,Refik Bogovic,57.7088
2024/02/10,3.26418,49.59,57.7253,18.19,57.7088,57.7084,2.92601,1000.57,-3.53,-3.435,92.9,84.6,11.9568,1000.36,            ,57.698,57.6938,90.9,57.6447,0.0,0.0,5.111,70.543,            ,11.9605,48.1,2.47195,     2.51918,-2.976,11.7975,3.255,1,6.963,3.06463,11.9453,2.8458,12.0021,11.9705,4.30249,    0.546751,38.12,998.291,5.579,57.6992,11.9607,3.21289,2.9096,0,0.0,3.5208,6.383,            ,3.80798,-3.665,     2.73922,20.1,57.6923,83.6,1001,11.9923,22.65,58.46,2.69183,08:00+01:00,11.9756,57.7157,19.38,     2.67681,3.96633,Felicia Toll,57.7088
2024/02/10,4.52579,47.37,57.7253,42.45,57.7088,57.7084,3.29502,1000.74,-3.438,-3.392,91.0,81.8,11.9568,1000.55,            ,57.698,57.6938,87.0,57.6447,0.0,0.0,5.095,62.4413,            ,11.9605,46.18,3.15795,     3.41878,-2.82,11.7975,4.53195,1,7.017,3.74984,11.9453,3.65872,12.0021,11.9705,8.26826,           1,40.69,998.521,5.523,57.6992,11.9607,3.87134,3.8155,0,0.0,8.30225,5.842,            ,4.40463,-3.58,     4.12799,66.55,57.6923,80.9,1001,11.9923,73.89,59.42,3.64797,09:00+01:00,11.9756,57.7157,62.62,     3.34992,4.97805,Jenny Hassan,57.7088
2024/02/10,4.40445,52.9,57.7253,89.3,57.7088,57.7084,5.46445,1000.91,-2.91,-3.027,85.4,77.37,11.9568,1000.73,            ,57.698,57.6938,81.8,57.6447,0.0,0.0,4.774,62.265,            ,11.9605,49.63,3.49497,     3.80077,-2.308,11.7975,4.9009,1,6.872,4.13667,11.9453,4.3823,12.0021,11.9705,8.56464,     1.96085,41.99,998.627,5.993,57.6992,11.9607,8.07451,4.35403,0,0.0,9.02986,6.403,            ,4.81332,-3.09,     4.54568,112.8,57.6923,75.4301,1001,11.9923,139.8,60.93,3.8103,10:00+01:00,11.9756,57.7157,116.0,     3.82015,3.43348,Jenny Hassan,57.7088
2024/02/10,4.63157,55.84,57.7253,132.4,57.7088,57.7084,8.26294,1001.17,-2.088,-2.331,82.1,74.3,11.9568,1000.67,            ,57.698,57.6938,79.62,57.6447,0.0,0.0,5.745,65.9969,            ,11.9605,54.17,3.65602,     5.36652,-1.477,11.7975,4.71249,1,7.688,3.98857,11.9453,4.30723,12.0021,11.9705,7.48863,     3.15743,41.15,998.737,5.899,57.6992,11.9607,13.9855,4.71592,0,0.0,8.42355,6.603,            ,4.4373,-2.302,     7.06297,175.0,57.6923,72.53,1001,11.9923,134.9,68.53,3.76292,11:00+01:00,11.9756,57.7157,166.2,     4.75742,4.44518,Refik Bogovic,57.7088
2024/02/10,4.79172,59.93,57.7253,140.7,57.7088,57.7084,7.57124,1000.95,-1.351,-1.806,80.3,73.26,11.9568,1000.65,            ,57.698,57.6938,77.39,57.6447,0.0,0.0,4.442,68.4377,            ,11.9605,55.22,3.52953,     6.21886,-0.646,11.7975,4.96693,1,7.913,4.16573,11.9453,4.20094,12.0021,11.9705,6.33048,     4.54808,47.84,998.494,6.689,57.6992,11.9607,14.2708,4.22283,0,0.0,7.45592,5.232,            ,4.88108,-1.398,     8.27776,141.3,57.6923,70.75,1001,11.9923,183.4,65.92,3.6935,12:00+01:00,11.9756,57.7157,136.1,     5.75683,5.3318,Jenny Hassan,57.7088
2024/02/10,4.68388,64.4,57.7253,117.7,57.7088,57.7084,9.33777,1001.26,-1.063,-1.19,80.5,72.9,11.9568,1000.7,            ,57.698,57.6938,77.99,57.6447,0.0,0.0,5.375,69.7822,            ,11.9605,58.83,3.45818,     6.52052,-0.385,11.7975,4.75115,1,6.98,4.22185,11.9453,3.9919,12.0021,11.9705,5.30566,      7.1401,43.95,998.671,5.794,57.6992,11.9607,18.2608,3.95658,0,0.0,5.84148,6.013,            ,4.59248,-1.103,     8.81979,118.5,57.6923,70.51,1001,11.9923,133.8,66.89,3.59867,13:00+01:00,11.9756,57.7157,117.0,     7.44128,6.45877,Jenny Hassan,57.7088
2024/02/10,4.92999,57.63,57.7253,85.3,57.7088,57.7084,9.87946,1001.09,-1.105,-1.022,82.8,73.59,11.9568,1000.65,            ,57.698,57.6938,81.1,57.6447,0.0,0.0,4.654,69.8083,            ,11.9605,48.75,3.5729,     6.17003,-0.408,11.7975,4.75343,1,8.23,4.53526,11.9453,4.22608,12.0021,11.9705,5.89929,     7.63165,43.08,998.623,4.075,57.6992,11.9607,17.0232,4.01867,0,0.0,6.50022,5.419,            ,4.80158,-1.065,     8.88666,74.35,57.6923,72.6901,1001,11.9923,74.1,66.37,4.02268,14:00+01:00,11.9756,57.7157,70.4,      7.2512,5.74803,Robert Johansson,57.7088
2024/02/10,5.47228,50.85,57.7253,61.34,57.7088,57.7084,11.1366,1001.13,-1.31,-1.064,84.5,75.67,11.9568,1000.51,            ,57.698,57.6938,82.3,57.6447,0.0,0.0,4.796,68.1636,            ,11.9605,48.49,4.64968,     6.10297,-0.675,11.7975,6.01788,1,5.47,5.95202,11.9453,5.4477,12.0021,11.9705,6.52894,     10.4227,39.26,998.449,4.43,57.6992,11.9607,18.7051,5.17735,0,0.0,7.55586,5.576,            ,6.48243,-1.392,      7.5293,42.49,57.6923,74.89,1001,11.9923,43.77,61.62,4.89053,15:00+01:00,11.9756,57.7157,41.9,     9.20894,6.98412,Refik Bogovic,57.7088
2024/02/10,7.11923,52.1,57.7253,31.32,57.7088,57.7084,10.7665,1001.17,-1.336,-1.329,86.8,77.33,11.9568,1000.9,            ,57.698,57.6938,84.7,57.6447,0.0,0.0,3.496,62.5206,            ,11.9605,46.13,6.35187,     8.90755,-0.793,11.7975,8.09471,1,5.151,7.02125,11.9453,7.31398,12.0021,11.9705,9.14438,     6.09989,37.16,998.894,3.98,57.6992,11.9607,17.1296,7.42495,0,0.0,9.7865,4.647,            ,7.69926,-1.387,     11.0163,5.065,57.6923,77.23,1001,11.9923,6.625,61.72,6.1714,16:00+01:00,11.9756,57.7157,5.254,     7.64759,8.86064,Robert Johansson,57.7088
2024/02/10,7.82935,47.18,57.7253,0.0,57.7088,57.7084,10.1451,1001.12,-1.41,-1.422,89.7,81.6,11.9568,1001.05,            ,57.698,57.6938,86.7,57.6447,0.0,0.0,4.109,59.567,            ,11.9605,46.95,6.42437,     9.87535,-0.888,11.7975,8.87265,1,6.809,7.1951,11.9453,7.82995,12.0021,11.9705,11.0145,     7.30566,35.26,998.931,4.606,57.6992,11.9607,15.1373,7.53377,0,0.0,11.3472,5.288,            ,8.06772,-1.436,     11.7242,0.0,57.6923,79.9401,1001,11.9923,0.0,63.55,6.83567,17:00+01:00,11.9756,57.7157,0.0,     8.68889,7.13222,Felicia Toll,57.7088
2024/02/10,8.88116,55.31,57.7253,0.0,57.7088,57.7084,9.71172,1001.05,-1.065,-1.106,90.2,82.1,11.9568,1000.69,            ,57.698,57.6938,87.7,57.6447,0.0,0.0,4.213,59.4069,            ,11.9605,60.6,7.56298,     10.0473,-0.826,11.7975,10.391,1,9.13,8.14745,11.9453,9.36833,12.0021,11.9705,11.3198,     7.83125,45.96,998.679,5.455,57.6992,11.9607,14.304,8.32021,0,0.0,11.4646,6.149,            ,8.91901,-1.081,     11.5898,0.0,57.6923,79.85,1001,11.9923,0.0,68.25,7.74275,18:00+01:00,11.9756,57.7157,0.0,     8.55244,11.9684,Robert Johansson,57.7088
2024/02/10,7.81915,56.47,57.7253,0.0,57.7088,57.7084,8.41507,1001.91,-0.874,-0.825,90.0,82.0,11.9568,1001.39,            ,57.698,57.6938,88.2,57.6447,0.0,0.0,2.723,67.0469,            ,11.9605,54.47,7.28063,     7.00021,-0.655,11.7975,10.0053,1,4.797,8.20175,11.9453,9.10683,12.0021,11.9705,6.57012,     6.31531,49.96,999.35,5.139,57.6992,11.9607,13.7775,7.76437,0,0.0,6.25916,4.245,            ,8.79076,-0.805,     7.99493,0.0,57.6923,79.55,1002,11.9923,0.0,66.01,7.09527,19:00+01:00,11.9756,57.7157,0.0,     7.80989,7.8889,Robert Johansson,57.7088
2024/02/10,7.25892,55.78,57.7253,0.0,57.7088,57.7084,7.79771,1002.07,-0.721,-0.737,89.6,81.7,11.9568,1001.74,            ,57.698,57.6938,87.9,57.6447,0.0,0.0,3.365,69.5715,            ,11.9605,58.31,7.28136,       5.745,-0.613,11.7975,9.12567,1,4.972,7.52637,11.9453,8.23669,12.0021,11.9705,4.68629,     7.52364,44.13,999.627,4.72,57.6992,11.9607,10.679,7.7463,0,0.0,4.0722,4.823,            ,8.13223,-0.656,     6.35005,0.0,57.6923,78.97,1002,11.9923,0.0,68.5699,6.7739,20:00+01:00,11.9756,57.7157,0.0,     8.13763,7.6577,Refik Bogovic,57.7088
2024/02/10,6.70695,58.14,57.7253,0.0,57.7088,57.7084,6.27795,1002.69,-0.517,-0.4,89.9,81.3,11.9568,1002.13,            ,57.698,57.6938,89.3,57.6447,0.0,0.0,2.721,71.3499,            ,11.9605,61.81,6.72227,     5.28713,-0.449,11.7975,8.24394,1,6.79,6.71255,11.9453,7.60087,12.0021,11.9705,4.41953,     6.15926,55.23,1000.17,4.131,57.6992,11.9607,8.14142,7.1794,0,0.0,3.93872,4.374,            ,7.21035,-0.437,     6.15814,0.0,57.6923,79.77,1003,11.9923,0.0,80.2,6.16126,21:00+01:00,11.9756,57.7157,0.0,     6.97695,9.82239,Adam Smith,57.7088
2024/02/10,6.48692,51.92,57.7253,0.0,57.7088,57.7084,8.9492,1002.83,-0.365,-0.286,91.5,82.8,11.9568,1002.32,            ,57.698,57.6938,90.8,57.6447,0.0,0.0,2.805,74.2742,            ,11.9605,62.6,5.96471,      5.3027,-0.368,11.7975,7.2329,1,6.141,6.58967,11.9453,6.67198,12.0021,11.9705,3.20094,     6.36423,62.44,1000.25,3.215,57.6992,11.9607,11.3966,6.44083,0,0.0,2.53473,4.135,            ,6.96612,-0.284,      5.8651,0.0,57.6923,81.5,1003,11.9923,0.0,78.62,5.90453,22:00+01:00,11.9756,57.7157,0.0,     7.15479,7.70562,Felicia Toll,57.7088
2024/02/10,5.97974,58.09,57.7253,0.0,57.7088,57.7084,7.63232,1002.74,-0.202,-0.174,92.3,83.7,11.9568,1002.15,            ,57.698,57.6938,90.7,57.6447,0.0,0.0,3.618,72.7628,            ,11.9605,66.0601,5.53265,     5.37283,-0.212,11.7975,6.90248,1,6.097,6.85255,11.9453,6.26998,12.0021,11.9705,3.7243,     5.23141,46.4,1000.11,3.942,57.6992,11.9607,8.17879,5.89925,0,0.0,3.11893,4.565,            ,7.18819,-0.14,     5.84422,0.0,57.6923,82.0,1003,11.9923,0.0,78.51,5.64722,23:00+01:00,11.9756,57.7157,0.0,     6.42308,5.77641,Felicia Toll,57.7088
2024/02/10,5.16428,56.22,57.7253,0.0,57.7088,57.7084,4.86158,1002.73,-0.262,0.007,93.2,83.4,11.9568,1002.13,            ,57.698,57.6938,90.0,57.6447,0.0,0.0,3.854,72.7769,            ,11.9605,51.64,4.88192,     4.45617,0.057,11.7975,6.12032,1,5.889,6.20527,11.9453,5.71899,12.0021,11.9705,3.1585,     3.88411,34.19,999.982,3.518,57.6992,11.9607,5.80717,5.15225,0,0.0,2.57561,4.392,            ,6.3819,-0.173,     4.89594,0.0,57.6923,82.8,1002,11.9923,0.0,72.73,4.96664,24:00+01:00,11.9756,57.7157,0.0,     5.14897,5.98507,Jenny Hassan,57.7088
2024/02/11,5.03482,59.88,57.7253,0.0,57.7088,57.7084,4.19079,1002.29,-0.104,0.033,92.7,83.9,11.9568,1001.77,            ,57.698,57.6938,89.6,57.6447,0.0,0.0,2.718,71.3765,            ,11.9605,56.77,4.56617,     4.16015,0.225,11.7975,5.42589,1,5.73,5.49036,11.9453,5.13645,12.0021,11.9705,3.26369,     3.33525,43.2,999.637,4.289,57.6992,11.9607,5.13181,4.75375,0,0.0,2.58659,3.894,            ,5.84443,-0.009,     4.53785,0.0,57.6923,82.3,1002,11.9923,0.0,70.4,4.74605,01:00+01:00,11.9756,57.7157,0.0,     4.57084,4.61469,Refik Bogovic,57.7088
2024/02/11,5.27927,56.17,57.7253,0.0,57.7088,57.7084,3.56595,1002.26,0.027,0.081,92.2,83.8,11.9568,1001.47,            ,57.698,57.6938,89.4,57.6447,0.0,0.0,3.494,71.8513,            ,11.9605,56.69,4.86825,     3.78178,0.322,11.7975,5.84928,1,5.643,5.3013,11.9453,5.40328,12.0021,11.9705,2.96878,     2.80145,46.18,999.376,3.686,57.6992,11.9607,4.30192,5.19218,0,0.0,2.18846,4.471,            ,5.63635,0.105,       4.027,0.0,57.6923,81.7,1002,11.9923,0.0,71.84,4.91012,02:00+01:00,11.9756,57.7157,0.0,     3.63956,4.58525,Refik Bogovic,57.7088
2024/02/11,5.38158,60.21,57.7253,0.0,57.7088,57.7084,2.31685,1001.81,0.164,0.161,91.2,83.3,11.9568,1001.22,            ,57.698,57.6938,88.1,57.6447,0.0,0.0,3.4,73.8127,            ,11.9605,68.03,5.16313,     3.65733,0.378,11.7975,5.91406,1,5.951,5.32278,11.9453,5.51863,12.0021,11.9705,2.19676,     1.18892,53.18,999.032,3.632,57.6992,11.9607,2.81409,5.55963,0,0.0,1.40854,5.084,            ,5.69334,0.246,     3.91443,0.0,57.6923,80.7,1001,11.9923,0.0,68.74,5.05788,03:00+01:00,11.9756,57.7157,0.0,     2.94849,4.94805,Adam Smith,57.7088
2024/02/11,5.69482,61.96,57.7253,0.0,57.7088,57.7084,3.19045,1001.05,0.322,0.331,89.7,81.7,11.9568,1000.65,            ,57.698,57.6938,87.5,57.6447,0.0,0.0,3.674,75.2068,            ,11.9605,64.7,4.79852,     3.35302,0.473,11.7975,5.62267,1,6.02,5.18455,11.9453,5.31802,12.0021,11.9705,1.70127,     1.19046,54.27,998.67,4.991,57.6992,11.9607,3.41482,5.06977,0,0.0,0.978675,5.344,            ,5.55058,0.419,     3.51387,0.0,57.6923,79.25,1001,11.9923,0.0,68.9401,5.19673,04:00+01:00,11.9756,57.7157,0.0,     2.90239,5.15937,Jenny Hassan,57.7088
2024/02/11,5.3825,58.84,57.7253,0.0,57.7088,57.7084,4.24641,1000.76,0.283,0.37,88.7,80.7,11.9568,1000.55,            ,57.698,57.6938,87.0,57.6447,0.0,0.0,4.381,74.5619,            ,11.9605,62.67,4.36733,     2.06193,0.426,11.7975,5.39124,1,7.56,4.72508,11.9453,4.94299,12.0021,11.9705,1.20795,     2.73828,62.01,998.457,4.894,57.6992,11.9607,4.05565,4.63562,0,0.0,0.260686,4.871,            ,4.99627,0.429,     2.08506,0.0,57.6923,78.3199,1001,11.9923,0.0,69.62,4.94027,05:00+01:00,11.9756,57.7157,0.0,     4.36481,3.40993,Jenny Hassan,57.7088
2024/02/11,3.97202,58.11,57.7253,0.0,57.7088,57.7084,1.88337,1001.09,0.366,0.403,88.5,80.8,11.9568,1000.59,            ,57.698,57.6938,87.8,57.6447,0.0,0.0,3.707,73.5463,            ,11.9605,64.29,3.61367,     1.70396,0.406,11.7975,4.64222,1,5.921,3.93039,11.9453,4.22128,12.0021,11.9705,1.07973,    0.730193,48.73,998.532,3.047,57.6992,11.9607,1.95844,3.78063,0,0.0,0.0878335,4.622,            ,4.10247,0.451,     1.73324,0.0,57.6923,78.27,1001,11.9923,0.0,77.78,3.82667,06:00+01:00,11.9756,57.7157,0.0,     3.39521,4.98205,Refik Bogovic,57.7088
2024/02/11,3.76624,64.36,57.7253,0.001,57.7088,57.7084,1.88842,1001.53,0.454,0.502,88.6,80.7,11.9568,1001.04,            ,57.698,57.6938,87.4,57.6447,0.0,0.0,2.928,72.4336,            ,11.9605,64.5601,3.37109,     1.66621,0.488,11.7975,4.34865,1,4.928,3.7085,11.9453,3.9405,12.0021,11.9705,1.21815,    0.220529,51.63,998.91,4.34,57.6992,11.9607,1.53722,3.49385,0,0.0,0.228135,4.496,            ,3.98205,0.573,     1.68629,0.377,57.6923,77.96,1001,11.9923,0.459,76.91,3.62793,07:00+01:00,11.9756,57.7157,0.327,     2.57603,3.4475,Jenny Hassan,57.7088
2024/02/11,3.97602,66.3199,57.7253,9.47,57.7088,57.7084,4.34575,1001.81,0.52,0.624,88.8,80.4,11.9568,1001.35,            ,57.698,57.6938,85.7,57.6447,0.0,0.0,3.301,70.0686,            ,11.9605,67.64,3.40138,     1.94846,0.554,11.7975,4.26086,1,6.139,3.76338,11.9453,3.95418,12.0021,11.9705,1.8262,     1.48252,57.78,999.21,4.188,57.6992,11.9607,4.62521,3.57573,0,0.0,1.06771,3.735,            ,3.9394,0.677,     1.99909,16.31,57.6923,78.04,1002,11.9923,19.49,84.3,3.61495,08:00+01:00,11.9756,57.7157,16.89,     3.70144,4.53194,Felicia Toll,57.7088
2024/02/11,3.91908,64.27,57.7253,54.29,57.7088,57.7084,4.45684,1001.94,0.84,0.744,87.2,79.95,11.9568,1001.36,            ,57.698,57.6938,84.6,57.6447,0.0,0.0,3.602,68.2722,            ,11.9605,70.26,3.1453,     2.34255,0.892,11.7975,4.29432,1,5.359,3.87925,11.9453,3.71688,12.0021,11.9705,2.08299,      3.3051,54.16,999.238,4.606,57.6992,11.9607,5.5545,3.4245,0,0.0,1.26997,5.434,            ,4.07236,0.851,     2.45285,77.84,57.6923,76.91,1002,11.9923,84.1,76.33,3.71865,09:00+01:00,11.9756,57.7157,84.8,     5.71206,4.21692,Refik Bogovic,57.7088
2024/02/11,4.15597,62.2,57.7253,77.23,57.7088,57.7084,7.52242,1001.89,1.137,0.971,85.0,78.87,11.9568,1001.39,            ,57.698,57.6938,83.3,57.6447,0.0,0.0,3.807,67.2941,            ,11.9605,61.53,3.18324,     3.09194,1.227,11.7975,4.73213,1,7.959,3.94218,11.9453,3.74128,12.0021,11.9705,2.42338,     3.74354,62.44,999.376,5.325,57.6992,11.9607,9.87926,3.5971,0,0.0,1.73601,4.374,            ,4.20357,1.156,     3.57081,91.9,57.6923,74.9301,1002,11.9923,98.6,82.6,3.67465,10:00+01:00,11.9756,57.7157,83.1,     5.57461,2.8931,Refik Bogovic,57.7088
2024/02/11,3.36531,60.07,57.7253,83.8,57.7088,57.7084,8.16269,1001.95,1.266,1.195,84.8,77.9401,11.9568,1001.31,            ,57.698,57.6938,82.9,57.6447,0.0,0.0,3.659,66.6094,            ,11.9605,64.3199,2.8879,     3.39824,1.39,11.7975,4.3133,1,6.702,3.7046,11.9453,3.47799,12.0021,11.9705,2.76682,     6.24796,51.75,999.188,4.622,57.6992,11.9607,12.2952,3.33347,0,0.0,2.55772,4.242,            ,3.97287,1.345,     3.98209,89.5,57.6923,74.62,1002,11.9923,108.7,80.7,3.16585,11:00+01:00,11.9756,57.7157,87.1,     6.44057,3.79065,Adam Smith,57.7088
2024/02/11,3.79258,64.2,57.7253,114.7,57.7088,57.7084,8.7489,1001.53,1.352,1.288,85.1,77.12,11.9568,1000.84,            ,57.698,57.6938,82.3,57.6447,0.0,0.4,4.374,62.6252,            ,11.9605,60.8,2.81558,     3.68128,1.621,11.7975,4.0503,1,6.621,3.64687,11.9453,3.46262,12.0021,11.9705,6.66302,     10.8513,49.45,998.825,3.718,57.6992,11.9607,14.6803,3.24182,0,0.0,8.37714,5.346,            ,4.02132,1.34,     4.32729,106.6,57.6923,74.97,1001,11.9923,113.4,70.05,3.18168,12:00+01:00,11.9756,57.7157,101.9,     9.32451,2.96041,Felicia Toll,57.7088
2024/02/11,4.25359,50.1,57.7253,85.6,57.7088,57.7084,9.85512,1001.56,1.281,1.353,85.9,77.6,11.9568,1000.87,            ,57.698,57.6938,83.5,57.6447,0.0,0.0,4.315,64.8026,            ,11.9605,53.68,3.21347,     4.24773,1.673,11.7975,5.0655,1,6.034,4.778,11.9453,4.26057,12.0021,11.9705,4.43427,     7.00663,50.87,998.769,3.31,57.6992,11.9607,16.2221,3.66647,0,0.0,4.60686,5.12,            ,5.21931,1.261,      5.4043,87.9,57.6923,75.8,1001,11.9923,85.8,72.59,3.59175,13:00+01:00,11.9756,57.7157,83.9,     6.93304,3.73046,Jenny Hassan,57.7088
2024/02/11,4.7335,54.97,57.7253,60.89,57.7088,57.7084,9.71332,1001.36,0.921,1.257,89.3,78.1801,11.9568,1000.76,            ,57.698,57.6938,86.6,57.6447,0.0,0.0,4.018,63.3848,            ,11.9605,56.05,3.71788,      6.9826,1.397,11.7975,5.33797,1,7.128,5.72259,11.9453,4.4478,12.0021,11.9705,5.51751,     6.60046,48.57,998.759,3.547,57.6992,11.9607,15.92,4.59702,0,0.0,5.79085,4.859,            ,6.38682,0.944,     9.05855,35.96,57.6923,79.29,1001,11.9923,45.21,71.3101,3.93273,14:00+01:00,11.9756,57.7157,33.83,     7.01151,4.70887,Robert Johansson,57.7088
2024/02/11,5.1201,43.29,57.7253,26.64,57.7088,57.7084,12.8909,1000.98,0.716,0.706,91.7,83.7,11.9568,1000.59,            ,57.698,57.6938,87.6,57.6447,0.0,0.0,4.245,61.9948,            ,11.9605,53.21,4.35588,     6.49854,1.037,11.7975,5.84873,1,5.699,5.27209,11.9453,5.15035,12.0021,11.9705,6.34073,     6.22069,38.99,998.515,4.074,57.6992,11.9607,19.6838,4.84272,0,0.0,6.26415,5.271,            ,5.68733,0.663,     7.99194,24.71,57.6923,81.5,1001,11.9923,27.97,64.13,4.6873,15:00+01:00,11.9756,57.7157,24.32,     6.67736,6.00812,Robert Johansson,57.7088
2024/02/11,5.52455,39.99,57.7253,5.532,57.7088,57.7084,9.61255,1000.78,0.63,0.62,91.0,83.5,11.9568,1000.25,            ,57.698,57.6938,87.7,57.6447,0.0,0.0,4.671,57.9191,            ,11.9605,42.13,4.96063,     6.58334,0.774,11.7975,6.28828,1,6.008,5.84893,11.9453,5.78362,12.0021,11.9705,8.21875,     4.03517,34.42,998.257,3.827,57.6992,11.9607,15.301,5.27697,0,0.0,8.26973,5.408,            ,6.17931,0.591,        7.98,4.93,57.6923,81.0,1001,11.9923,6.314,52.79,5.1069,16:00+01:00,11.9756,57.7157,5.274,     6.18131,5.51434,Adam Smith,57.7088
2024/02/11,6.17842,48.69,57.7253,0.0,57.7088,57.7084,8.91222,1000.7,0.392,0.478,91.6,83.1,11.9568,1000.37,            ,57.698,57.6938,90.1,57.6447,0.0,0.0,5.255,52.9852,            ,11.9605,52.71,5.43107,     6.88313,0.62,11.7975,6.64378,1,6.46,5.9798,11.9453,6.23978,12.0021,11.9705,11.4373,      3.2487,37.93,998.26,3.654,57.6992,11.9607,13.0283,5.87707,0,0.0,11.6831,5.759,            ,6.37225,0.351,     7.84701,0.0,57.6923,81.7,1001,11.9923,0.0,64.62,5.68507,17:00+01:00,11.9756,57.7157,0.0,     5.46391,6.94395,Adam Smith,57.7088
2024/02/11,5.3495,45.15,57.7253,0.0,57.7088,57.7084,8.5593,1000.5,0.177,0.336,94.4,84.7,11.9568,1000.33,            ,57.698,57.6938,90.1,57.6447,0.0,0.0,4.838,56.3807,            ,11.9605,50.85,5.24107,     6.51173,0.398,11.7975,6.51162,1,6.876,5.49372,11.9453,6.15298,12.0021,11.9705,9.54063,     2.89832,36.94,998.192,4.07,57.6992,11.9607,12.3342,5.6413,0,0.0,10.2248,5.873,            ,5.87845,0.121,     7.77815,0.0,57.6923,84.6,1001,11.9923,0.0,65.7,5.02634,18:00+01:00,11.9756,57.7157,0.0,     4.81815,7.67318,Robert Johansson,57.7088
2024/02/11,5.23138,49.75,57.7253,0.0,57.7088,57.7084,6.75715,1000.34,0.019,0.224,97.7,85.8,11.9568,1000.04,            ,57.698,57.6938,93.6,57.6447,0.0,0.0,4.181,57.6715,            ,11.9605,48.62,4.8452,     5.08474,0.201,11.7975,6.34137,1,6.563,5.32304,11.9453,5.91417,12.0021,11.9705,8.27327,     2.85292,36.37,997.999,3.998,57.6992,11.9607,10.323,5.50059,0,0.0,8.05118,5.173,            ,5.58183,-0.035,     5.72463,0.0,57.6923,88.5,1000,11.9923,0.0,64.89,4.86803,19:00+01:00,11.9756,57.7157,0.0,     4.82793,6.55315,Felicia Toll,57.7088
2024/02/11,4.00964,39.73,57.7253,0.0,57.7088,57.7084,5.99003,1000.29,0.058,0.158,97.3,88.1,11.9568,999.987,            ,57.698,57.6938,92.5,57.6447,0.0,0.0,4.522,60.681,            ,11.9605,49.54,4.33925,     5.06705,0.151,11.7975,5.85609,1,7.099,4.6054,11.9453,5.44215,12.0021,11.9705,6.02346,     2.95847,34.8,997.893,3.772,57.6992,11.9607,8.5649,4.57475,0,0.0,5.68357,5.645,            ,5.02367,0.041,     5.75259,0.0,57.6923,86.8,1000,11.9923,0.0,66.12,3.80407,20:00+01:00,11.9756,57.7157,0.0,     4.51074,4.20955,Robert Johansson,57.7088
2024/02/11,3.8279,49.65,57.7253,0.0,57.7088,57.7084,4.34364,1000.56,0.056,0.169,94.7,85.0,11.9568,999.95,            ,57.698,57.6938,89.9,57.6447,0.0,0.0,4.32,61.2817,            ,11.9605,47.95,4.03595,     4.33155,0.24,11.7975,5.1744,1,5.507,4.51428,11.9453,4.761,12.0021,11.9705,5.21174,     2.23834,40.16,997.918,3.217,57.6992,11.9607,5.90986,4.54668,0,0.1,4.79927,4.96,            ,4.87945,0.041,     4.71516,0.0,57.6923,84.1,1000,11.9923,0.0,67.48,3.61168,21:00+01:00,11.9756,57.7157,0.0,     3.76783,4.0748,Robert Johansson,57.7088
2024/02/11,2.97313,53.32,57.7253,0.0,57.7088,57.7084,4.7551,1000.31,0.212,0.283,93.6,84.1,11.9568,999.911,            ,57.698,57.6938,89.4,57.6447,0.0,0.0,3.809,62.4666,            ,11.9605,50.3,2.9698,     3.92993,0.362,11.7975,3.82987,1,5.716,3.28362,11.9453,3.50163,12.0021,11.9705,4.82211,     1.37959,40.69,997.765,3.539,57.6992,11.9607,5.7847,3.24692,0,0.0,4.3929,4.95,            ,3.52742,0.226,     4.31864,0.0,57.6923,83.1,1000,11.9923,0.0,65.51,2.70568,22:00+01:00,11.9756,57.7157,0.0,     3.17413,3.68925,Jenny Hassan,57.7088
2024/02/11,2.32103,67.0699,57.7253,0.0,57.7088,57.7084,3.59721,1000.19,0.33,0.508,93.4,83.0,11.9568,999.627,            ,57.698,57.6938,93.8,57.6447,0.0,0.0,4.506,63.226,            ,11.9605,52.02,2.29867,     3.31643,0.325,11.7975,2.70792,1,5.307,2.66798,11.9453,2.5925,12.0021,11.9705,3.7915,    0.601428,41.74,997.368,3.304,57.6992,11.9607,3.86945,2.41723,0,0.0,3.25882,6.584,            ,2.84163,0.273,     3.49199,0.0,57.6923,84.0,1000,11.9923,0.0,73.77,2.18607,23:00+01:00,11.9756,57.7157,0.0,     2.69556,2.10943,Adam Smith,57.7088
2024/02/11,3.09598,52.47,57.7253,0.0,57.7088,57.7084,3.28356,1000.01,0.31,0.368,95.8,87.1,11.9568,999.518,            ,57.698,57.6938,93.9,57.6447,0.1,0.0,4.477,64.5181,            ,11.9605,57.51,2.4715,     2.73328,0.451,11.7975,3.20492,1,5.915,2.88737,11.9453,2.8299,12.0021,11.9705,2.62838,    0.349882,38.06,997.405,3.361,57.6992,11.9607,3.36369,3.01394,0,0.1,2.05552,4.982,            ,3.0875,0.3,     2.86744,0.0,57.6923,85.7,1000,11.9923,0.0,67.9401,2.53673,24:00+01:00,11.9756,57.7157,0.0,      2.6549,1.20278,Refik Bogovic,57.7088
2024/02/12,3.95465,48.05,57.7253,0.0,57.7088,57.7084,3.32523,999.84,-0.099,-0.032,96.6,89.3,11.9568,999.226,            ,57.698,57.6938,92.0,57.6447,0.0,0.0,3.628,61.9673,            ,11.9605,42.84,2.69695,     2.56617,0.616,11.7975,3.41142,1,5.143,3.20593,11.9453,3.1116,12.0021,11.9705,3.17191,    0.380213,34.09,997.225,3.784,57.6992,11.9607,3.83144,3.0012,0,0.3,2.2189,4.43,            ,3.59717,-0.157,     2.65317,0.0,57.6923,87.7,1000,11.9923,0.0,59.37,3.41125,01:00+01:00,11.9756,57.7157,0.0,     2.61611,2.87347,Felicia Toll,57.7088
2024/02/12,5.53678,40.57,57.7253,0.0,57.7088,57.7084,3.48482,999.502,-0.176,-0.193,96.8,89.9,11.9568,999.041,            ,57.698,57.6938,92.0,57.6447,0.0,0.0,4.648,51.0477,            ,11.9605,46.88,3.40615,     2.96492,0.628,11.7975,3.99893,1,6.104,4.65228,11.9453,3.80133,12.0021,11.9705,8.6855,    0.743544,34.03,997.026,3.678,57.6992,11.9607,3.59082,3.87932,0,0.2,7.846,4.566,            ,5.03017,-0.189,     3.02584,0.0,57.6923,87.7,999,11.9923,0.0,56.62,5.05935,02:00+01:00,11.9756,57.7157,0.0,     2.97664,3.6043,Adam Smith,57.7088
2024/02/12,5.90227,45.63,57.7253,0.0,57.7088,57.7084,2.61885,999.453,-0.311,-0.193,96.9,89.6,11.9568,998.979,            ,57.698,57.6938,92.0,57.6447,0.0,0.0,4.315,51.2222,            ,11.9605,48.02,4.51463,      2.9033,0.599,11.7975,6.89616,1,5.805,5.5974,11.9453,5.31364,12.0021,11.9705,7.66979,     0.40033,42.12,996.926,3.834,57.6992,11.9607,2.12853,4.92326,0,0.0,6.7117,5.457,            ,5.86175,-0.38,     2.97421,0.0,57.6923,87.8,999,11.9923,0.0,69.47,5.66222,03:00+01:00,11.9756,57.7157,0.0,     2.95105,6.33653,Adam Smith,57.7088
2024/02/12,6.61677,46.52,57.7253,0.0,57.7088,57.7084,3.57418,999.548,-0.457,-0.237,96.8,89.1,11.9568,998.926,            ,57.698,57.6938,92.6,57.6447,0.0,0.0,3.993,54.3075,            ,11.9605,55.46,5.53021,     2.62357,0.484,11.7975,6.55323,1,6.622,6.63396,11.9453,6.24443,12.0021,11.9705,4.79704,     1.06402,47.87,996.958,2.995,57.6992,11.9607,3.32037,5.90987,0,0.0,3.9769,5.448,            ,6.94077,-0.506,     2.61396,0.0,57.6923,87.6,999,11.9923,0.0,68.4,6.38357,04:00+01:00,11.9756,57.7157,0.0,     3.16782,5.10297,Refik Bogovic,57.7088
2024/02/12,7.21442,40.6,57.7253,0.0,57.7088,57.7084,5.77676,999.413,-0.683,-0.441,97.3,89.1,11.9568,998.898,            ,57.698,57.6938,93.2,57.6447,0.0,0.0,4.705,54.7766,            ,11.9605,54.16,6.26057,     3.05754,-0.0700001,11.7975,7.36951,1,6.86,7.32505,11.9453,7.0789,12.0021,11.9705,3.74326,     1.23034,41.13,996.871,3.913,57.6992,11.9607,6.46942,6.56298,0,0.1,3.0248,5.246,            ,7.52679,-0.776,     3.17829,0.0,57.6923,88.4,999,11.9923,0.0,68.24,6.91435,05:00+01:00,11.9756,57.7157,0.0,     3.46157,5.72365,Felicia Toll,57.7088
2024/02/12,7.69687,43.27,57.7253,0.0,57.7088,57.7084,8.18675,999.528,-0.582,-0.54,97.1,89.3,11.9568,998.953,            ,57.698,57.6938,93.8,57.6447,0.0,0.0,3.791,48.9401,            ,11.9605,44.39,7.20264,     4.03689,-0.27,11.7975,8.45956,1,5.708,8.22127,11.9453,8.14275,12.0021,11.9705,7.57597,     1.32032,35.3,996.94,2.729,57.6992,11.9607,10.7154,7.55317,0,0.0,7.99083,3.914,            ,8.6225,-0.627,     4.27979,0.0,57.6923,87.8,999,11.9923,0.0,66.5,7.24758,06:00+01:00,11.9756,57.7157,0.0,     3.93628,6.51207,Jenny Hassan,57.7088
2024/02/12,7.93632,38.25,57.7253,0.0,57.7088,57.7084,12.5762,999.618,-0.378,-0.591,97.9,89.2,11.9568,999.147,            ,57.698,57.6938,96.5,57.6447,0.0,0.0,3.322,39.6414,            ,11.9605,53.47,6.96732,     7.15099,-0.121,11.7975,8.673,1,5.018,8.18666,11.9453,8.25433,12.0021,11.9705,14.5068,     4.00394,35.19,997.042,2.124,57.6992,11.9607,17.7864,7.4078,0,0.0,15.6558,3.661,            ,8.78183,-0.475,      8.2424,0.19,57.6923,89.6,999,11.9923,0.284,62.27,7.4315,07:00+01:00,11.9756,57.7157,0.174,      5.7964,6.86617,Refik Bogovic,57.7088
2024/02/12,8.27788,46.54,57.7253,4.213,57.7088,57.7084,18.7673,1000.17,-0.205,-0.347,99.5,93.8,11.9568,999.55,            ,57.698,57.6938,99.8,57.6447,0.3,0.0,2.662,31.9857,            ,11.9605,41.64,6.83773,     10.5071,0.029,11.7975,8.18924,1,3.123,7.91859,11.9453,7.81292,12.0021,11.9705,18.8654,     7.39108,39.46,997.465,1.993,57.6992,11.9607,29.2751,7.3246,0,0.1,21.0737,3.096,            ,8.46617,-0.281,     11.9527,4.923,57.6923,94.4,1000,11.9923,4.82,51.62,7.07372,08:00+01:00,11.9756,57.7157,4.477,     9.25706,9.22719,Robert Johansson,57.7088
2024/02/12,8.75052,35.99,57.7253,13.1,57.7088,57.7084,18.6917,1000.38,0.106,-0.09,99.5,94.0,11.9568,999.759,            ,57.698,57.6938,99.9,57.6447,1.0,0.0,2.747,24.1482,            ,11.9605,47.65,5.95943,     13.5238,0.241,11.7975,8.58197,1,3.508,7.37724,11.9453,7.11502,12.0021,11.9705,25.8146,     17.6701,36.26,997.699,2.525,57.6992,11.9607,26.9699,7.3471,0,0.7,29.8799,3.395,            ,9.88933,0.016,     16.2285,15.66,57.6923,94.9,1000,11.9923,17.62,49.75,6.37547,09:00+01:00,11.9756,57.7157,16.26,     17.7814,10.1216,Felicia Toll,57.7088
2024/02/12,6.7162,59.97,57.7253,17.6,57.7088,57.7084,21.9677,1000.73,0.366,-0.081,99.5,94.3,11.9568,1000.13,            ,57.698,57.6938,99.2,57.6447,0.7,0.0,2.799,25.36,            ,11.9605,47.29,4.2855,     14.6272,0.486,11.7975,6.63312,1,3.343,5.32482,11.9453,5.18317,12.0021,11.9705,21.7631,     19.0265,39.24,998.03,2.526,57.6992,11.9607,32.8679,5.33505,0,0.7,25.6856,3.533,            ,8.03925,0.314,     17.6466,30.81,57.6923,95.0,1000,11.9923,27.67,50.24,4.42403,10:00+01:00,11.9756,57.7157,27.16,     18.2679,5.19465,Refik Bogovic,57.7088
2024/02/12,5.92095,37.49,57.7253,22.8,57.7088,57.7084,20.7391,1000.94,0.296,0.04,99.5,94.6,11.9568,1000.31,            ,57.698,57.6938,98.9,57.6447,0.4,0.0,3.127,21.1206,            ,11.9605,44.12,3.23055,     15.6741,0.422,11.7975,5.23209,1,3.57,4.63192,11.9453,4.01545,12.0021,11.9705,26.1891,     19.0097,35.63,998.253,2.566,57.6992,11.9607,29.8887,4.24572,0,0.3,32.7623,3.191,            ,7.18633,0.287,     18.5559,33.82,57.6923,92.5,1001,11.9923,36.05,48.88,4.37872,11:00+01:00,11.9756,57.7157,30.93,     17.8552,2.31045,Felicia Toll,57.7088
2024/02/12,5.80038,35.86,57.7253,55.38,57.7088,57.7084,21.9433,1000.92,-0.069,-0.019,99.5,94.5,11.9568,1000.34,            ,57.698,57.6938,99.9,57.6447,0.3,1.0,2.574,29.8096,            ,11.9605,17.22,2.98857,     16.9494,0.407,11.7975,5.124,1,4.109,3.68525,11.9453,3.88766,12.0021,11.9705,18.6796,      19.334,9.8,998.252,2.43,57.6992,11.9607,31.8857,3.87368,0,0.4,22.0411,3.768,            ,4.95815,-0.388,     21.0297,54.7,57.6923,97.9,1001,11.9923,60.45,50.32,4.18992,12:00+01:00,11.9756,57.7157,56.31,     17.8794,2.03803,Jenny Hassan,57.7088
2024/02/12,5.14619,36.53,57.7253,51.99,57.7088,57.7084,20.5108,1000.97,-0.178,-0.228,99.5,94.6,11.9568,1000.35,            ,57.698,57.6938,99.9,57.6447,0.3,0.2,2.235,18.3488,            ,11.9605,29.14,3.67142,     19.1256,0.369,11.7975,6.42644,1,4.218,5.07201,11.9453,4.64627,12.0021,11.9705,28.0929,     26.3354,30.2,998.367,2.228,57.6992,11.9607,31.6603,5.2429,0,0.2,38.9556,2.832,            ,9.48557,-0.507,     26.2279,51.32,57.6923,100.0,1001,11.9923,59.64,50.69,3.84523,13:00+01:00,11.9756,57.7157,69.6901,     21.7227,6.36707,Felicia Toll,57.7088
2024/02/12,5.25242,27.31,57.7253,43.71,57.7088,57.7084,19.5843,1000.94,-0.119,-0.156,99.5,94.4,11.9568,1000.48,            ,57.698,57.6938,99.9,57.6447,0.1,0.2,2.443,24.2317,            ,11.9605,33.73,4.09322,            ,0.312,11.7975,6.81945,1,3.848,5.12369,11.9453,5.1422,12.0021,11.9705,22.6825,            ,33.89,998.438,1.742,57.6992,11.9607,31.085,5.39387,0,0.0,31.9471,2.936,            ,8.86429,-0.423,            ,33.0,57.6923,100.0,1001,11.9923,47.5,51.64,3.80708,14:00+01:00,11.9756,57.7157,45.21,            ,4.36742,Refik Bogovic,57.7088
2024/02/12,5.1574,22.89,57.7253,28.88,57.7088,57.7084,17.7056,1001.22,-0.064,-0.087,99.5,93.6,11.9568,1000.84,            ,57.698,57.6938,99.9,57.6447,0.0,0.0,1.931,24.9217,            ,11.9605,24.08,3.47102,     17.5461,0.163,11.7975,5.83365,1,3.51,4.29217,11.9453,4.31097,12.0021,11.9705,21.5301,            ,32.43,998.74,1.244,57.6992,11.9607,27.3324,4.79269,0,0.0,28.7102,2.822,            ,6.74475,-0.285,     22.4281,18.89,57.6923,97.8,1001,11.9923,33.71,49.52,3.29882,15:00+01:00,11.9756,57.7157,24.98,            ,4.43778,Robert Johansson,57.7088
2024/02/12,5.85719,12.42,57.7253,14.86,57.7088,57.7084,23.3667,1001.71,-0.103,-0.144,99.5,94.5,11.9568,1001.41,            ,57.698,57.6938,99.9,57.6447,0.0,0.0,1.837,24.6402,            ,11.9605,28.83,3.331,     25.0197,0.036,11.7975,5.31965,1,2.934,3.9833,11.9453,3.8226,12.0021,11.9705,23.1211,     28.3734,29.59,999.345,0.922,57.6992,11.9607,37.0572,4.5797,0,0.0,30.2173,2.511,            ,7.2116,-0.351,     31.2555,2.877,57.6923,98.7,1002,11.9923,7.005,49.97,3.12002,16:00+01:00,11.9756,57.7157,5.316,     24.2464,5.43242,Refik Bogovic,57.7088
2024/02/12,4.06997,33.11,57.7253,2.765,57.7088,57.7084,23.7944,1002.11,-0.244,-0.256,99.5,96.2,11.9568,1001.88,            ,57.698,57.6938,99.9,57.6447,0.1,0.0,1.478,18.8652,            ,11.9605,28.3,3.17437,     28.2012,-0.165,11.7975,4.89285,1,2.237,3.50513,11.9453,3.79718,12.0021,11.9705,26.0552,     34.9908,27.33,999.751,1.036,57.6992,11.9607,37.6776,4.39525,0,0.1,31.6396,2.223,            ,6.08144,-0.494,      34.331,0.0,57.6923,100.0,1002,11.9923,0.203,40.43,2.63995,17:00+01:00,11.9756,57.7157,0.007,     29.7811,6.39678,Adam Smith,57.7088
2024/02/12,4.05325,42.22,57.7253,0.0,57.7088,57.7084,31.2596,1002.46,-0.474,-0.598,99.5,97.8,11.9568,1002.41,            ,57.698,57.6938,99.9,57.6447,0.3,0.0,1.569,14.1743,            ,11.9605,28.41,2.87093,     29.5508,-0.278,11.7975,4.46751,1,3.205,3.67185,11.9453,3.39652,12.0021,11.9705,29.0903,     31.1112,28.17,1000.37,1.68,57.6992,11.9607,48.2645,3.6897,0,0.2,36.2892,2.349,            ,7.1125,-0.747,     34.9107,0.0,57.6923,100.0,1003,11.9923,0.052,43.92,3.2451,18:00+01:00,11.9756,57.7157,0.0,      28.437,4.06858,Refik Bogovic,57.7088
2024/02/12,4.02513,33.45,57.7253,0.0,57.7088,57.7084,25.4993,1003.22,-0.707,-0.7,99.5,98.5,11.9568,1002.77,            ,57.698,57.6938,99.9,57.6447,0.6,0.0,2.015,15.6996,            ,11.9605,25.49,2.92018,     21.3717,-0.426,11.7975,4.14137,1,2.919,3.7227,11.9453,3.50482,12.0021,11.9705,25.8336,     16.4185,40.52,1000.63,1.722,57.6992,11.9607,37.4093,3.29858,0,0.2,30.2255,2.23,            ,5.27963,-0.981,     24.0215,0.0,57.6923,100.0,1003,11.9923,0.0,50.02,3.64038,19:00+01:00,11.9756,57.7157,0.0,     16.5273,2.36598,Adam Smith,57.7088
2024/02/12,4.2748,34.38,57.7253,0.0,57.7088,57.7084,23.0897,1003.55,-0.827,-0.799,99.5,99.0,11.9568,1003.0,            ,57.698,57.6938,99.9,57.6447,0.4,0.0,1.689,15.5436,            ,11.9605,35.73,3.21668,     14.7834,-0.546,11.7975,4.3257,1,2.703,3.967,11.9453,4.04594,12.0021,11.9705,24.1106,     13.9332,37.52,1000.9,1.405,57.6992,11.9607,32.6534,3.41113,0,0.3,25.8152,1.748,            ,5.26905,-0.996,     16.5999,0.0,57.6923,100.0,1003,11.9923,0.0,47.59,3.78567,20:00+01:00,11.9756,57.7157,0.0,     14.0855,1.29705,Adam Smith,57.7088
2024/02/12,3.8839,38.41,57.7253,0.0,57.7088,57.7084,20.5808,1003.97,-0.798,-0.689,99.5,99.0,11.9568,1003.42,            ,57.698,57.6938,99.9,57.6447,0.3,0.0,1.412,12.042,            ,11.9605,33.64,3.48212,     18.0908,-0.57,11.7975,5.1639,1,2.258,4.652,11.9453,4.5686,12.0021,11.9705,26.4207,     16.5717,28.09,1001.31,0.845,57.6992,11.9607,29.4937,3.80828,0,0.2,30.1434,1.561,            ,6.24135,-0.892,     22.4515,0.0,57.6923,100.0,1004,11.9923,0.0,59.28,3.5864,21:00+01:00,11.9756,57.7157,0.0,     15.9241,3.84297,Adam Smith,57.7088
2024/02/12,4.14063,0.0,57.7253,0.0,57.7088,57.7084,18.8505,1004.38,-0.829,-0.753,99.5,99.2,11.9568,1003.95,            ,57.698,57.6938,99.9,57.6447,0.3,0.0,1.003,10.2597,            ,11.9605,27.98,3.75665,     13.2343,-0.626,11.7975,5.57843,1,1.955,4.70354,11.9453,4.7852,12.0021,11.9705,26.1375,     12.8198,27.72,1001.78,0.187,57.6992,11.9607,25.6141,4.15875,0,0.2,28.1079,1.525,            ,6.09786,-0.781,      14.287,0.0,57.6923,100.0,1004,11.9923,0.0,53.42,3.66947,22:00+01:00,11.9756,57.7157,0.0,     13.3381,5.67727,Felicia Toll,57.7088
2024/02/12,4.2075,33.76,57.7253,0.0,57.7088,57.7084,24.3604,1004.67,-0.847,-0.7,99.5,99.3,11.9568,1004.13,            ,57.698,57.6938,99.9,57.6447,0.5,0.0,0.61,11.1382,            ,11.9605,13.98,3.41422,     13.3572,-0.639,11.7975,4.91545,1,1.531,4.45348,11.9453,4.43636,12.0021,11.9705,24.6327,     20.1686,354.8,1002.04,0.443,57.6992,11.9607,32.5064,3.61435,0,0.4,24.9711,1.401,            ,5.45296,-0.773,     14.2986,0.0,57.6923,100.0,1004,11.9923,0.0,57.01,3.88958,23:00+01:00,11.9756,57.7157,0.0,     18.5632,4.69307,Adam Smith,57.7088
2024/02/12,4.1286,0.0,57.7253,0.0,57.7088,57.7084,18.2674,1004.95,-1.024,-0.791,99.5,99.4,11.9568,1004.63,            ,57.698,57.6938,99.9,57.6447,0.1,0.0,0.694,8.66176,            ,11.9605,2.19,3.30552,     11.2488,-0.678,11.7975,4.26335,1,0.675,4.4097,11.9453,3.97417,12.0021,11.9705,24.756,     10.4341,345.4,1002.43,0.238,57.6992,11.9607,22.762,3.51276,0,0.2,25.457,1.181,            ,5.41295,-0.761,     11.7303,0.0,57.6923,100.0,1005,11.9923,0.0,347.8,3.7917,24:00+01:00,11.9756,57.7157,0.0,      10.893,3.01602,Jenny Hassan,57.7088
2024/02/13,3.76915,0.0,57.7253,0.0,57.7088,57.7084,17.1136,1005.49,-1.236,-1.049,99.5,99.5,11.9568,1004.89,            ,57.698,57.6938,99.9,57.6447,0.0,0.0,0.779,2.86849,            ,11.9605,358.4,3.8231,     22.6144,-0.799,11.7975,4.90775,1,1.144,4.90265,11.9453,4.25027,12.0021,11.9705,28.999,     14.1609,0.0,1002.75,0.263,57.6992,11.9607,21.0148,4.51422,0,0.2,30.3542,1.301,            ,7.1155,-0.825,     23.4603,0.0,57.6923,100.0,1005,11.9923,0.0,341.7,3.55012,01:00+01:00,11.9756,57.7157,0.0,     15.3089,3.88823,Jenny Hassan,57.7088
2024/02/13,3.74283,0.0,57.7253,0.0,57.7088,57.7084,18.111,1005.64,-1.352,-1.309,99.5,99.5,11.9568,1005.29,            ,57.698,57.6938,99.9,57.6447,0.1,0.0,0.663,13.8284,            ,11.9605,333.7,4.16879,     19.4914,-0.812,11.7975,6.01746,1,1.715,4.62765,11.9453,4.85294,12.0021,11.9705,18.2628,     18.8165,0.0,1003.1,0.332,57.6992,11.9607,21.4634,4.84373,0,0.2,18.6944,1.16,            ,5.84407,-0.966,     20.7168,0.0,57.6923,100.0,1005,11.9923,0.0,353.6,3.55953,02:00+01:00,11.9756,57.7157,0.0,      19.618,3.50435,Refik Bogovic,57.7088
2024/02/13,4.1978,298.8,57.7253,0.0,57.7088,57.7084,11.5435,1006.09,-1.456,-1.779,99.5,99.3,11.9568,1005.59,            ,57.698,57.6938,99.9,57.6447,0.0,0.0,0.294,17.5122,            ,11.9605,2.669,3.7609,     13.2597,-0.778,11.7975,5.49662,1,1.519,4.0775,11.9453,4.57709,12.0021,11.9705,12.1005,     15.5169,0.0,1003.34,0.686,57.6992,11.9607,13.2133,4.14404,0,0.0,11.7164,1.091,            ,4.57058,-1.155,      14.437,0.0,57.6923,100.0,1006,11.9923,0.0,339.8,3.86,03:00+01:00,11.9756,57.7157,0.0,     15.6239,2.57622,Felicia Toll,57.7088
2024/02/13,4.34372,258.0,57.7253,0.0,57.7088,57.7084,11.3974,1006.41,-1.583,-1.686,99.5,99.1,11.9568,1006.2,            ,57.698,57.6938,99.9,57.6447,0.0,0.0,0.866,16.2038,            ,11.9605,281.1,4.06105,     11.4743,-1.269,11.7975,5.20108,1,1.125,4.62963,11.9453,4.71635,12.0021,11.9705,12.5748,     12.0027,274.9,1004.03,1.756,57.6992,11.9607,12.8598,4.29482,0,0.0,12.3405,1.513,            ,5.47234,-1.196,     15.4734,0.0,57.6923,100.0,1006,11.9923,0.0,314.4,4.05393,04:00+01:00,11.9756,57.7157,0.0,     12.4089,3.082,Adam Smith,57.7088
2024/02/13,4.70605,0.0,57.7253,0.0,57.7088,57.7084,9.168,1006.94,-1.748,-1.394,99.5,98.8,11.9568,1006.64,            ,57.698,57.6938,99.9,57.6447,0.0,0.0,0.518,16.3328,            ,11.9605,322.4,4.13464,     15.9085,-1.709,11.7975,5.41295,1,1.211,4.56652,11.9453,4.7872,12.0021,11.9705,14.9041,     13.4833,0.0,1004.36,0.294,57.6992,11.9607,9.77754,4.54523,0,0.0,14.448,0.957,            ,4.97615,-1.245,     20.2505,0.0,57.6923,100.0,1007,11.9923,0.0,310.5,4.47538,05:00+01:00,11.9756,57.7157,0.0,     13.4783,2.63807,Robert Johansson,57.7088
2024/02/13,5.3384,0.0,57.7253,0.0,57.7088,57.7084,21.4121,1007.36,-2.867,-2.17,99.5,98.7,11.9568,1006.76,            ,57.698,57.6938,99.9,57.6447,0.0,0.0,0.699,23.4622,            ,11.9605,353.2,3.9415,     14.7786,-3.799,11.7975,5.2942,1,0.478,4.54885,11.9453,4.43028,12.0021,11.9705,10.6712,     17.6032,267.1,1004.56,0.126,57.6992,11.9607,31.74,4.56522,0,0.0,10.4925,0.938,            ,5.26548,-1.925,     18.7779,0.0,57.6923,100.0,1007,11.9923,0.0,0.0,4.71945,06:00+01:00,11.9756,57.7157,0.0,     13.6847,2.56143,Jenny Hassan,57.7088
2024/02/13,7.05998,0.0,57.7253,0.381,57.7088,57.7084,40.4722,1007.76,-2.163,-3.373,99.5,98.7,11.9568,1007.36,            ,57.698,57.6938,99.9,57.6447,0.0,0.0,0.498,-2.24112,            ,11.9605,20.41,5.12998,     27.3946,-4.154,11.7975,8.15744,1,1.373,6.59617,11.9453,6.27593,12.0021,11.9705,36.6816,      57.431,0.0,1005.08,0.18,57.6992,11.9607,89.5957,6.22256,0,0.0,55.0128,1.418,            ,11.323,-1.691,     44.7854,0.517,57.6923,100.0,1007,11.9923,0.429,15.62,5.85686,07:00+01:00,11.9756,57.7157,0.611,     30.4503,4.56445,Jenny Hassan,57.7088
2024/02/13,6.95613,0.0,57.7253,4.818,57.7088,57.7084,48.9333,1008.28,-1.529,-1.658,99.5,98.7,11.9568,1007.94,            ,57.698,57.6938,99.9,57.6447,0.0,0.0,0.593,-11.0205,            ,11.9605,34.0,7.86025,     38.9121,-2.553,11.7975,11.616,2,1.952,9.13857,11.9453,7.33993,12.0021,11.9705,57.4717,     108.532,58.85,1005.64,0.319,57.6992,11.9607,139.484,27.8621,0,0.0,135.25,1.282,            ,20.8502,-1.435,     73.8953,5.729,57.6923,100.0,1008,11.9923,5.691,85.7,6.09065,08:00+01:00,11.9756,57.7157,9.02,     41.7325,9.90755,Robert Johansson,57.7088
2024/02/13,11.8284,71.0,57.7253,9.10001,57.7088,57.7084,52.9047,1008.39,-1.314,-1.342,99.5,98.5,11.9568,1007.87,            ,57.698,57.6938,99.9,57.6447,0.0,0.0,1.017,-7.73448,            ,11.9605,103.2,7.31956,     45.1218,-1.116,11.7975,16.1163,2,2.063,9.44385,11.9453,8.08801,12.0021,11.9705,53.598,     132.656,82.5,1005.67,0.72,57.6992,11.9607,175.562,12.069,0,0.0,121.402,1.562,            ,20.8025,-1.458,     85.8092,20.35,57.6923,100.0,1008,11.9923,17.23,98.3,7.67198,09:00+01:00,11.9756,57.7157,30.68,     47.7184,12.8212,Refik Bogovic,57.7088
2024/02/13,18.6645,79.61,57.7253,21.98,57.7088,57.7084,50.4348,1008.35,-0.589,-0.889,99.5,96.9,11.9568,1007.92,            ,57.698,57.6938,99.9,57.6447,0.0,0.0,0.675,7.91067,            ,11.9605,114.7,6.79012,     25.8547,0.02,11.7975,13.1178,1,3.25,8.29842,11.9453,8.29013,12.0021,11.9705,29.0802,     45.4908,0.0,1005.72,0.808,57.6992,11.9607,118.067,10.0789,0,0.0,45.6027,1.712,            ,14.2508,-1.013,     39.4042,49.58,57.6923,100.0,1008,11.9923,40.54,106.7,8.6265,10:00+01:00,11.9756,57.7157,60.18,     30.8707,7.6049,Jenny Hassan,57.7088
2024/02/13,15.9358,99.7,57.7253,34.89,57.7088,57.7084,29.0416,1008.19,0.482,-0.416,99.5,96.0,11.9568,1008.08,            ,57.698,57.6938,99.2,57.6447,0.0,0.0,1.373,14.0462,            ,11.9605,153.7,7.26434,     27.0119,0.571,11.7975,11.0054,1,4.119,6.17271,11.9453,7.28443,12.0021,11.9705,20.3594,     31.2219,143.4,1005.88,1.651,57.6992,11.9607,60.9402,10.8554,0,0.0,33.1816,1.332,            ,8.42186,0.779,     48.5872,34.74,57.6923,97.7,1008,11.9923,30.04,113.8,7.91113,11:00+01:00,11.9756,57.7157,34.55,     21.9159,6.3981,Jenny Hassan,57.7088
2024/02/13,18.1367,108.6,57.7253,38.87,57.7088,57.7084,31.1399,1008.19,1.0,0.64,99.5,96.7,11.9568,1007.82,            ,57.698,57.6938,99.9,57.6447,0.0,0.0,1.965,15.0664,            ,11.9605,148.6,5.74658,     18.2683,1.037,11.7975,8.35544,1,3.997,9.14938,11.9453,6.25512,12.0021,11.9705,19.0731,     31.7599,114.5,1005.6,1.982,57.6992,11.9607,69.5254,7.48312,0,0.0,28.9908,1.781,            ,12.9915,1.189,     27.9849,37.02,57.6923,100.0,1008,11.9923,53.1,123.3,9.01498,12:00+01:00,11.9756,57.7157,44.67,     21.3966,6.86735,Jenny Hassan,57.7088
2024/02/13,27.2432,114.6,57.7253,38.57,57.7088,57.7084,32.9356,1008.06,1.331,1.579,99.5,99.3,11.9568,1007.77,            ,57.698,57.6938,99.9,57.6447,0.0,0.0,1.811,17.7521,            ,11.9605,162.0,7.3236,     16.4679,1.211,11.7975,10.9792,1,3.773,8.20186,11.9453,7.72346,12.0021,11.9705,16.0762,      38.756,147.6,1005.55,1.553,57.6992,11.9607,68.4696,14.077,0,0.0,21.3986,1.577,            ,10.594,1.598,     25.4317,34.09,57.6923,100.0,1008,11.9923,38.58,148.3,17.5752,13:00+01:00,11.9756,57.7157,28.74,       21.81,8.23471,Felicia Toll,57.7088
2024/02/13,17.8043,0.0,57.7253,73.09,57.7088,57.7084,29.9714,1008.16,1.797,1.923,99.5,99.6,11.9568,1007.79,            ,57.698,57.6938,99.9,57.6447,0.1,0.0,1.838,16.6612,            ,11.9605,159.7,7.00908,     21.2419,1.701,11.7975,21.2278,1,4.342,9.06146,11.9453,9.28708,12.0021,11.9705,17.4898,     33.2074,152.9,1005.53,0.74,57.6992,11.9607,58.2042,8.86055,0,1.3,21.2476,1.753,            ,11.4933,2.175,     34.2851,54.56,57.6923,100.0,1008,11.9923,43.28,163.7,10.3038,14:00+01:00,11.9756,57.7157,43.62,     22.7798,11.7956,Refik Bogovic,57.7088
